{
  "ie": {
    "6": 0,
    "7": 0,
    "8": 0.011975195725028679,
    "9": 0.001214874928626098,
    "10": 0.0003471071224645994,
    "11": 0.32003276691236066,
    "5.5": 0
  },
  "edge": {
    "12": 0,
    "13": 0.014752052704745475,
    "14": 0.01232230284749328,
    "15": 1.1796435556959413,
    "16": 0.055537139594335906,
    "17": 0.19264445296785268,
    "18": 4.377715028523528,
    "79": 0.0022561962960198963,
    "80": 0.09198338745311885,
    "81": 0.07809910255453487,
    "83": 0.08052885241178706
  },
  "firefox": {
    "2": 0,
    "3": 0,
    "4": 0,
    "5": 0,
    "6": 0,
    "7": 0,
    "8": 0,
    "9": 0,
    "10": 0.0001735535612322997,
    "11": 0,
    "12": 0,
    "13": 0.0001735535612322997,
    "14": 0,
    "15": 0,
    "16": 0,
    "17": 0.0013884284898583977,
    "18": 0,
    "19": 0,
    "20": 0.0001735535612322997,
    "21": 0.0003471071224645994,
    "22": 0,
    "23": 0,
    "24": 0,
    "25": 0,
    "26": 0,
    "27": 0,
    "28": 0,
    "29": 0,
    "30": 0,
    "31": 0,
    "32": 0,
    "33": 0,
    "34": 0.0001735535612322997,
    "35": 0.0005206606836968992,
    "36": 0,
    "37": 0,
    "38": 0,
    "39": 0.0005206606836968992,
    "40": 0,
    "41": 0.0005206606836968992,
    "42": 0,
    "43": 0.001735535612322997,
    "44": 0,
    "45": 0.02950410540949095,
    "46": 0.0005206606836968992,
    "47": 0.0005206606836968992,
    "48": 0.00607437464313049,
    "49": 0.0003471071224645994,
    "50": 0,
    "51": 0.0015619820510906974,
    "52": 0.19958659541714466,
    "53": 0,
    "54": 0.0006942142449291988,
    "55": 0.0003471071224645994,
    "56": 0.007289249571756588,
    "57": 0.0013884284898583977,
    "58": 0,
    "59": 0.0005206606836968992,
    "60": 0.21190889826463796,
    "61": 0.005553713959433591,
    "62": 0.01700824900076537,
    "63": 0.0001735535612322997,
    "64": 0.001214874928626098,
    "65": 0.005033053275736691,
    "66": 0.009718999429008784,
    "67": 0.016140481194603873,
    "68": 0.8167430591592023,
    "69": 0.03609914073631834,
    "70": 0.09961974414734003,
    "71": 0.24436341421507798,
    "72": 1.3794037046743182,
    "73": 0.6367680161613076,
    "74": 0.7764786329533089,
    "75": 0.6772059959284334,
    "76": 0.5213548979418283,
    "77": 0.3195121062286638,
    "78": 0.002429749857252196,
    "79": 0,
    "3.5": 0,
    "3.6": 0
  },
  "chrome": {
    "4": 0,
    "5": 0,
    "6": 0,
    "7": 0,
    "8": 0,
    "9": 0,
    "10": 0,
    "11": 0,
    "12": 0,
    "13": 0.0001735535612322997,
    "14": 0,
    "15": 0,
    "16": 0,
    "17": 0,
    "18": 0,
    "19": 0,
    "20": 0,
    "21": 0,
    "22": 0,
    "23": 0,
    "24": 0,
    "25": 0,
    "26": 0,
    "27": 0.0001735535612322997,
    "28": 0.0003471071224645994,
    "29": 0,
    "30": 0,
    "31": 0,
    "32": 0.0001735535612322997,
    "33": 0.001214874928626098,
    "34": 0,
    "35": 0.0001735535612322997,
    "36": 0.013190070653654778,
    "37": 0.0010413213673937983,
    "38": 0.0001735535612322997,
    "39": 0.0001735535612322997,
    "40": 0.0003471071224645994,
    "41": 0.0006942142449291988,
    "42": 0.0003471071224645994,
    "43": 0.0010413213673937983,
    "44": 0.003644624785878294,
    "45": 0,
    "46": 0.0015619820510906974,
    "47": 0.0006942142449291988,
    "48": 0.0006942142449291988,
    "49": 0.04911565782874082,
    "50": 0.0003471071224645994,
    "51": 0.0001735535612322997,
    "52": 0.0003471071224645994,
    "53": 0.001214874928626098,
    "54": 0.0001735535612322997,
    "55": 0.0010413213673937983,
    "56": 0.0022561962960198963,
    "57": 0.10499990454554131,
    "58": 0.048942104267508516,
    "59": 0.005206606836968991,
    "60": 0.0038181783471105935,
    "61": 0.004165285469575193,
    "62": 0.005206606836968991,
    "63": 0.024991712817451158,
    "64": 0.02464460569498656,
    "65": 0.02603303418484496,
    "66": 0.013884284898583977,
    "67": 0.08035529885055476,
    "68": 0.047033015093953225,
    "69": 0.05519003247187131,
    "70": 0.06855365668675839,
    "71": 0.040437979767125834,
    "72": 0.06699167463566769,
    "73": 0.22336343330596975,
    "74": 0.423297135845579,
    "75": 0.4430822418260611,
    "76": 0.2528675387154607,
    "77": 0.4038591369875614,
    "78": 0.8054620776791029,
    "79": 27.862288720233398,
    "80": 23.1322599624083,
    "81": 7.998389422951764,
    "83": 4.316624174969759,
    "84": 0.009198338745311884,
    "85": 0.0006942142449291988,
    "86": 0
  },
  "safari": {
    "4": 0.0001735535612322997,
    "5": 0.0010413213673937983,
    "6": 0.0001735535612322997,
    "7": 0,
    "8": 0.0015619820510906974,
    "9": 0.0022561962960198963,
    "10": 0.010933874357634881,
    "11": 0.08625611993245295,
    "12": 0.3753963529454643,
    "13": 5.500606569696507,
    "3.1": 0,
    "3.2": 0,
    "5.1": 0.0005206606836968992,
    "6.1": 0,
    "7.1": 0,
    "9.1": 0.0062479282043627895,
    "10.1": 0.09319826238174495,
    "11.1": 0.3005947680543431,
    "12.1": 1.4016185605120524,
    "13.1": 1.8179735539083395,
    "TP": 0
  },
  "opera": {
    "9": 0,
    "11": 0.0001735535612322997,
    "12": 0,
    "15": 0,
    "16": 0,
    "17": 0,
    "18": 0,
    "19": 0,
    "20": 0,
    "21": 0,
    "22": 0,
    "23": 0,
    "24": 0,
    "25": 0,
    "26": 0,
    "27": 0,
    "28": 0,
    "29": 0,
    "30": 0,
    "31": 0,
    "32": 0,
    "33": 0,
    "34": 0,
    "35": 0,
    "36": 0,
    "37": 0.0003471071224645994,
    "38": 0,
    "39": 0,
    "40": 0,
    "41": 0,
    "42": 0,
    "43": 0,
    "44": 0,
    "45": 0,
    "46": 0,
    "47": 0,
    "48": 0,
    "49": 0,
    "50": 0,
    "51": 0,
    "52": 0,
    "53": 0.0019090891735552968,
    "54": 0,
    "55": 0,
    "56": 0,
    "57": 0,
    "58": 0.0003471071224645994,
    "60": 0,
    "62": 0.0013884284898583977,
    "63": 0.001735535612322997,
    "64": 0.0006942142449291988,
    "65": 0.027942123358400253,
    "66": 0.0572726752066589,
    "67": 0.059181764380214205,
    "68": 0.02325617720512816,
    "9.5-9.6": 0,
    "10.0-10.1": 0,
    "10.5": 0,
    "10.6": 0,
    "11.1": 0,
    "11.5": 0,
    "11.6": 0,
    "12.1": 0.003991731908342893
  },
  "ios_saf": {
    "8": 0.0003471071224645994,
    "3.2": 0,
    "4.0-4.1": 0,
    "4.2-4.3": 0,
    "5.0-5.1": 0.0003471071224645994,
    "6.0-6.1": 0.0003471071224645994,
    "7.0-7.1": 0.002950410540949095,
    "8.1-8.4": 0.0022561962960198963,
    "9.0-9.2": 0.009024785184079585,
    "9.3": 0.025165266378683458,
    "10.0-10.2": 0.0032975176634136944,
    "10.3": 0.02950410540949095,
    "11.0-11.2": 0.036446247858782935,
    "11.3-11.4": 0.0642148176559509,
    "12.0-12.1": 0.10916519001511651,
    "12.2-12.4": 0.7023712623071169,
    "13.0-13.1": 0.3051071606463829,
    "13.2": 0.16487588317068472,
    "13.3": 5.456697518704735,
    "13.4-13.5": 0.7438505634416366
  },
  "op_mini": {
    "all": 0.027247909113471053
  },
  "android": {
    "3": 0,
    "4": 0,
    "81": 0.1230494749137005,
    "2.1": 0,
    "2.2": 0,
    "2.3": 0.0003471071224645994,
    "4.1": 0.0001735535612322997,
    "4.2-4.3": 0.0026033034184844957,
    "4.4": 0,
    "4.4.3-4.4.4": 0
  },
  "bb": {
    "7": 0,
    "10": 0
  },
  "op_mob": {
    "10": 0.0020826427347875967,
    "11": 0.0020826427347875967,
    "12": 0.0020826427347875967,
    "46": 0.0020826427347875967,
    "11.1": 0.0020826427347875967,
    "11.5": 0.0020826427347875967,
    "12.1": 0.0020826427347875967
  },
  "and_chr": {
    "81": 2.8159065309940625
  },
  "and_ff": {
    "68": 0.05484292534940671
  },
  "ie_mob": {
    "10": 0,
    "11": 0
  },
  "and_uc": {
    "12.12": 0.07185117435017208
  },
  "samsung": {
    "4": 0.0005206606836968992,
    "5.0-5.4": 0.0001735535612322997,
    "6.2-6.4": 0.001214874928626098,
    "7.2-7.4": 0.001735535612322997,
    "8.2": 0.0008677678061614985,
    "9.2": 0.007809910255453486,
    "10.1": 0.005380160398201291,
    "11.1-11.2": 0.08781810198354364
  },
  "and_qq": {
    "10.4": 0
  },
  "baidu": {
    "7.12": 0
  },
  "kaios": {
    "2.5": 0
  }
}