{
  "ie": {
    "6": 0,
    "7": 0.001919585531174574,
    "8": 0.017175238963140927,
    "9": 0.0008082465394419259,
    "10": 0.0029298937054769818,
    "11": 0.8770485261119199,
    "5.5": 0
  },
  "edge": {
    "12": 0.0014144314440233704,
    "13": 0.0463731452004805,
    "14": 0.21337708641266845,
    "15": 3.864226705071848,
    "16": 0.2363110819693331,
    "17": 2.073455466120831,
    "18": 0.9731288334880789,
    "76": 0
  },
  "firefox": {
    "2": 0,
    "3": 0.00010103081743024074,
    "4": 0,
    "5": 0,
    "6": 0,
    "7": 0,
    "8": 0,
    "9": 0,
    "10": 0,
    "11": 0,
    "12": 0.00010103081743024074,
    "13": 0,
    "14": 0,
    "15": 0,
    "16": 0.00010103081743024074,
    "17": 0.0011113389917326484,
    "18": 0,
    "19": 0,
    "20": 0,
    "21": 0,
    "22": 0,
    "23": 0,
    "24": 0.0005051540871512037,
    "25": 0,
    "26": 0,
    "27": 0.0005051540871512037,
    "28": 0.00010103081743024074,
    "29": 0,
    "30": 0,
    "31": 0.0008082465394419259,
    "32": 0,
    "33": 0,
    "34": 0,
    "35": 0.0009092773568721666,
    "36": 0,
    "37": 0.00020206163486048148,
    "38": 0.0044453559669305935,
    "39": 0.00010103081743024074,
    "40": 0.00010103081743024074,
    "41": 0.00030309245229072227,
    "42": 0.0007072157220116852,
    "43": 0.004142263514639871,
    "44": 0.0027278320706165004,
    "45": 0.11143699162555554,
    "46": 0.002020616348604815,
    "47": 0.008183496211849502,
    "48": 0.04404943639958497,
    "49": 0.004748448419221315,
    "50": 0.00535463332380276,
    "51": 0.41745933762175474,
    "52": 0.5338468393013921,
    "53": 0.02525770435756019,
    "54": 0.0018185547137443332,
    "55": 0.0018185547137443332,
    "56": 0.00687009558525637,
    "57": 0.054354579777469526,
    "58": 0.010911328282466002,
    "59": 0.010507205012745038,
    "60": 1.0942647835869375,
    "61": 0.013639160353082502,
    "62": 0.04990922381053893,
    "63": 0.03354223138683993,
    "64": 0.6950920239200563,
    "65": 1.0941637527695072,
    "66": 1.051629778631376,
    "67": 0.5982034700044554,
    "68": 0.5214200487574725,
    "69": 0.001212369809162889,
    "70": 0,
    "3.5": 0,
    "3.6": 0
  },
  "chrome": {
    "4": 0,
    "5": 0,
    "6": 0,
    "7": 0,
    "8": 0,
    "9": 0,
    "10": 0,
    "11": 0,
    "12": 0,
    "13": 0,
    "14": 0,
    "15": 0,
    "16": 0,
    "17": 0,
    "18": 0,
    "19": 0,
    "20": 0.0031319553403374627,
    "21": 0.0007072157220116852,
    "22": 0.00010103081743024074,
    "23": 0,
    "24": 0,
    "25": 0,
    "26": 0.00010103081743024074,
    "27": 0.0008082465394419259,
    "28": 0,
    "29": 0.00010103081743024074,
    "30": 0.00020206163486048148,
    "31": 0.00040412326972096295,
    "32": 0,
    "33": 0.0008082465394419259,
    "34": 0,
    "35": 0.002020616348604815,
    "36": 0.08052156149190187,
    "37": 0.0008082465394419259,
    "38": 0.0009092773568721666,
    "39": 0.0008082465394419259,
    "40": 0.001212369809162889,
    "41": 0.0007072157220116852,
    "42": 0.00030309245229072227,
    "43": 0.002121647166035056,
    "44": 0.0032329861577677036,
    "45": 0.002121647166035056,
    "46": 0.002121647166035056,
    "47": 0.002121647166035056,
    "48": 0.008183496211849502,
    "49": 0.1125483306172882,
    "50": 0.0011113389917326484,
    "51": 0.007072157220116852,
    "52": 0.13932149723630197,
    "53": 0.007375249672407574,
    "54": 0.005758756593523723,
    "55": 0.006465972315535407,
    "56": 0.03030924522907222,
    "57": 0.19650493990181825,
    "58": 0.2889481378504885,
    "59": 0.0513236552545623,
    "60": 0.02576285844471139,
    "61": 0.007880403759558778,
    "62": 0.03485563201343306,
    "63": 0.11568028595762565,
    "64": 0.019498947764036465,
    "65": 0.06738755522597058,
    "66": 0.05698138103065578,
    "67": 0.18337093363588697,
    "68": 0.1933729845614808,
    "69": 0.18529051916706152,
    "70": 0.7109538622566042,
    "71": 15.06965569707728,
    "72": 13.920935302895444,
    "73": 14.22190610802013,
    "74": 8.290083724238405,
    "75": 8.932942815547026,
    "76": 2.932217414277877,
    "77": 0.006769064767826129,
    "78": 0.0007072157220116852
  },
  "safari": {
    "4": 0,
    "5": 0.0010103081743024075,
    "6": 0.00010103081743024074,
    "7": 0.00020206163486048148,
    "8": 0.011416482369617205,
    "9": 0.010204112560454316,
    "10": 0.06425559988563312,
    "11": 0.1887255669596897,
    "12": 3.7448082788693036,
    "13": 0.003536078610058426,
    "3.1": 0,
    "3.2": 0,
    "5.1": 0.005253602506372519,
    "6.1": 0.0029298937054769818,
    "7.1": 0.00020206163486048148,
    "9.1": 0.07870300677815753,
    "10.1": 0.30157699002926863,
    "11.1": 0.7815744036403425,
    "12.1": 2.136498696197301,
    "TP": 0
  },
  "opera": {
    "9": 0,
    "11": 0,
    "12": 0.00010103081743024074,
    "15": 0.0036371094274886663,
    "16": 0,
    "17": 0,
    "18": 0,
    "19": 0,
    "20": 0,
    "21": 0,
    "22": 0,
    "23": 0,
    "24": 0,
    "25": 0,
    "26": 0,
    "27": 0,
    "28": 0,
    "29": 0,
    "30": 0,
    "31": 0,
    "32": 0,
    "33": 0,
    "34": 0,
    "35": 0,
    "36": 0.00010103081743024074,
    "37": 0,
    "38": 0,
    "39": 0,
    "40": 0,
    "41": 0,
    "42": 0,
    "43": 0,
    "44": 0,
    "45": 0.00030309245229072227,
    "46": 0,
    "47": 0,
    "48": 0,
    "49": 0,
    "50": 0,
    "51": 0,
    "52": 0,
    "53": 0,
    "54": 0.00030309245229072227,
    "55": 0.00030309245229072227,
    "56": 0.00010103081743024074,
    "57": 0.030612337681362945,
    "58": 0.060517459640714207,
    "60": 0.02909687541990933,
    "62": 0.01899379367688526,
    "9.5-9.6": 0,
    "10.0-10.1": 0,
    "10.5": 0,
    "10.6": 0,
    "11.1": 0,
    "11.5": 0,
    "11.6": 0,
    "12.1": 0.00020206163486048148
  },
  "ios_saf": {
    "8": 0.0006061849045814445,
    "13": 0.0190948244943155,
    "3.2": 0,
    "4.0-4.1": 0,
    "4.2-4.3": 0.00010103081743024074,
    "5.0-5.1": 0.0016164930788838518,
    "6.0-6.1": 0.0008082465394419259,
    "7.0-7.1": 0.0025257704357560186,
    "8.1-8.4": 0.0017175238963140925,
    "9.0-9.2": 0.010002050925593834,
    "9.3": 0.04435252885187568,
    "10.0-10.2": 0.03748243326661931,
    "10.3": 0.14033180541060442,
    "11.0-11.2": 0.23449252725558878,
    "11.3-11.4": 0.545162290853579,
    "12.0-12.1": 3.8337153982079153,
    "12.2-12.3": 2.7952196258424706
  },
  "op_mini": {
    "all": 0.02283296473923441
  },
  "android": {
    "3": 0.00010103081743024074,
    "4": 0.00030309245229072227,
    "67": 0.10982049854667168,
    "2.1": 0,
    "2.2": 0,
    "2.3": 0.0017175238963140925,
    "4.1": 0.0006061849045814445,
    "4.2-4.3": 0.002020616348604815,
    "4.4": 0.0009092773568721666,
    "4.4.3-4.4.4": 0
  },
  "bb": {
    "7": 0,
    "10": 0.0011113389917326484
  },
  "op_mob": {
    "10": 0.0013134006265931298,
    "11": 0.0013134006265931298,
    "12": 0.0013134006265931298,
    "46": 0.0013134006265931298,
    "11.1": 0.0013134006265931298,
    "11.5": 0.0013134006265931298,
    "12.1": 0.0013134006265931298
  },
  "and_chr": {
    "75": 3.0065760959065346
  },
  "and_ff": {
    "67": 0.03465357037857258
  },
  "ie_mob": {
    "10": 0,
    "11": 0
  },
  "and_uc": {
    "12.12": 0.030511306863932705
  },
  "samsung": {
    "4": 0,
    "5.0-5.4": 0,
    "6.2-6.4": 0,
    "7.2-7.4": 0,
    "8.2": 0,
    "9.2": 0
  },
  "and_qq": {
    "1.2": 0
  },
  "baidu": {
    "7.12": 0
  },
  "kaios": {
    "2.5": 0
  }
}