{
  "ie": {
    "6": 0,
    "7": 0.001886402912606097,
    "8": 0.021064832524101417,
    "9": 0.0004192006472457994,
    "10": 0.0010480016181144984,
    "11": 0.4394270784754092,
    "5.5": 0
  },
  "edge": {
    "12": 0.0002096003236228997,
    "13": 0.031859249190680755,
    "14": 0.04443526860805473,
    "15": 2.501475062277496,
    "16": 0.11548977831621772,
    "17": 0.46929512459167233,
    "18": 3.868383572784236,
    "79": 0.0009432014563030485,
    "80": 0.001257601941737398
  },
  "firefox": {
    "2": 0,
    "3": 0,
    "4": 0,
    "5": 0,
    "6": 0,
    "7": 0,
    "8": 0,
    "9": 0,
    "10": 0.00010480016181144985,
    "11": 0,
    "12": 0.00010480016181144985,
    "13": 0,
    "14": 0,
    "15": 0,
    "16": 0,
    "17": 0.000628800970868699,
    "18": 0.00010480016181144985,
    "19": 0,
    "20": 0,
    "21": 0.0002096003236228997,
    "22": 0,
    "23": 0,
    "24": 0,
    "25": 0,
    "26": 0,
    "27": 0,
    "28": 0.0002096003236228997,
    "29": 0.0008384012944915988,
    "30": 0,
    "31": 0,
    "32": 0,
    "33": 0,
    "34": 0.00010480016181144985,
    "35": 0,
    "36": 0.0002096003236228997,
    "37": 0.0005240008090572492,
    "38": 0.0015720024271717475,
    "39": 0.0003144004854343495,
    "40": 0,
    "41": 0.0005240008090572492,
    "42": 0.0009432014563030485,
    "43": 0.0009432014563030485,
    "44": 0.0004192006472457994,
    "45": 0.03542245469227004,
    "46": 0,
    "47": 0.0015720024271717475,
    "48": 0.015615224109906026,
    "49": 0.0008384012944915988,
    "50": 0.0003144004854343495,
    "51": 0.09872175242638574,
    "52": 0.31345728397804645,
    "53": 0,
    "54": 0.0011528017799259482,
    "55": 0.000628800970868699,
    "56": 0.0027248042070976957,
    "57": 0.007650411812235839,
    "58": 0.000628800970868699,
    "59": 0.0004192006472457994,
    "60": 0.6046969336520656,
    "61": 0.015510423948094574,
    "62": 0.01834002831700372,
    "63": 0.004716007281515243,
    "64": 0.005240008090572491,
    "65": 0.01278561974099688,
    "66": 0.038147258899367736,
    "67": 0.042024864886391386,
    "68": 1.0990392969166745,
    "69": 1.0865680776611117,
    "70": 0.6840306561433331,
    "71": 0.3186972920686189,
    "72": 0.5930641156909946,
    "73": 0.005030407766949592,
    "74": 0,
    "3.5": 0,
    "3.6": 0.0002096003236228997
  },
  "chrome": {
    "4": 0,
    "5": 0,
    "6": 0,
    "7": 0,
    "8": 0,
    "9": 0,
    "10": 0,
    "11": 0,
    "12": 0,
    "13": 0.00010480016181144985,
    "14": 0.00010480016181144985,
    "15": 0,
    "16": 0,
    "17": 0,
    "18": 0,
    "19": 0,
    "20": 0.00010480016181144985,
    "21": 0.00010480016181144985,
    "22": 0,
    "23": 0,
    "24": 0,
    "25": 0,
    "26": 0,
    "27": 0,
    "28": 0.00010480016181144985,
    "29": 0,
    "30": 0.0003144004854343495,
    "31": 0.00010480016181144985,
    "32": 0.00010480016181144985,
    "33": 0.0007336011326801488,
    "34": 0,
    "35": 0.0009432014563030485,
    "36": 0.049465676375004326,
    "37": 0.0009432014563030485,
    "38": 0.0002096003236228997,
    "39": 0.0002096003236228997,
    "40": 0.0002096003236228997,
    "41": 0,
    "42": 0.0004192006472457994,
    "43": 0.000628800970868699,
    "44": 0.0016768025889831975,
    "45": 0.0010480016181144984,
    "46": 0.0002096003236228997,
    "47": 0.0010480016181144984,
    "48": 0.0007336011326801488,
    "49": 0.047893673947832574,
    "50": 0.0014672022653602977,
    "51": 0.003982406148835094,
    "52": 0.00010480016181144985,
    "53": 0.0016768025889831975,
    "54": 0.0011528017799259482,
    "55": 0.0005240008090572492,
    "56": 0.004611207119703793,
    "57": 0.18696348867162652,
    "58": 0.024104037216633463,
    "59": 0.003982406148835094,
    "60": 0.013519220873677028,
    "61": 0.007964812297670189,
    "62": 0.00628800970868699,
    "63": 0.05439128398014246,
    "64": 0.0022008033980404464,
    "65": 0.04988487702225012,
    "66": 0.028715244336337254,
    "67": 0.10406656067876968,
    "68": 0.07922892232945608,
    "69": 0.08635533333263466,
    "70": 0.10972576941658799,
    "71": 0.153532237053774,
    "72": 0.08205852669836522,
    "73": 0.6641186253991577,
    "74": 1.113816119732089,
    "75": 3.051675911787608,
    "76": 17.206928967498325,
    "77": 15.365904524956587,
    "78": 14.361185373670219,
    "79": 13.239404441640456,
    "80": 0.8674309393133702,
    "81": 0.0026200040452862457,
    "82": 0,
    "83": 0
  },
  "safari": {
    "4": 0,
    "5": 0.0005240008090572492,
    "6": 0.00010480016181144985,
    "7": 0,
    "8": 0.0005240008090572492,
    "9": 0.000628800970868699,
    "10": 0.01959763025874112,
    "11": 0.07933372249126752,
    "12": 0.6776378462728346,
    "13": 3.3419723600053244,
    "3.1": 0,
    "3.2": 0,
    "5.1": 0.00010480016181144985,
    "6.1": 0,
    "7.1": 0,
    "9.1": 0.011528017799259481,
    "10.1": 0.10500976213507274,
    "11.1": 0.4725439296078274,
    "12.1": 3.1991297394563176,
    "TP": 0
  },
  "opera": {
    "9": 0,
    "11": 0.00010480016181144985,
    "12": 0.00010480016181144985,
    "15": 0,
    "16": 0,
    "17": 0,
    "18": 0,
    "19": 0,
    "20": 0,
    "21": 0,
    "22": 0,
    "23": 0,
    "24": 0,
    "25": 0,
    "26": 0,
    "27": 0,
    "28": 0,
    "29": 0,
    "30": 0,
    "31": 0,
    "32": 0.0004192006472457994,
    "33": 0,
    "34": 0,
    "35": 0,
    "36": 0.00010480016181144985,
    "37": 0,
    "38": 0,
    "39": 0.0003144004854343495,
    "40": 0,
    "41": 0,
    "42": 0,
    "43": 0,
    "44": 0,
    "45": 0,
    "46": 0,
    "47": 0,
    "48": 0,
    "49": 0.0002096003236228997,
    "50": 0,
    "51": 0,
    "52": 0,
    "53": 0,
    "54": 0,
    "55": 0.0008384012944915988,
    "56": 0,
    "57": 0,
    "58": 0,
    "60": 0.002096003236228997,
    "62": 0.02001683090598692,
    "63": 0.052609681229347824,
    "64": 0.021693633494970114,
    "65": 0.03783285841393339,
    "66": 0.014881622977225877,
    "9.5-9.6": 0,
    "10.0-10.1": 0,
    "10.5": 0,
    "10.6": 0,
    "11.1": 0,
    "11.5": 0,
    "11.6": 0,
    "12.1": 0.00010480016181144985
  },
  "ios_saf": {
    "8": 0.0004192006472457994,
    "3.2": 0,
    "4.0-4.1": 0,
    "4.2-4.3": 0,
    "5.0-5.1": 0.00010480016181144985,
    "6.0-6.1": 0.0002096003236228997,
    "7.0-7.1": 0.0070216108413671385,
    "8.1-8.4": 0.0014672022653602977,
    "9.0-9.2": 0.006078409385064091,
    "9.3": 0.038671259708424985,
    "10.0-10.2": 0.015405623786283126,
    "10.3": 0.03961446116472804,
    "11.0-11.2": 0.07702811893141563,
    "11.3-11.4": 0.1644314538821648,
    "12.0-12.1": 0.3164964886705785,
    "12.2-12.4": 3.872156378609449,
    "13.0-13.1": 2.1289104870377917,
    "13.2": 0.4162662427150787,
    "13.3": 1.501471918272642
  },
  "op_mini": {
    "all": 0.01802562783156937
  },
  "android": {
    "3": 0,
    "4": 0.0002096003236228997,
    "76": 0.090861740290527,
    "2.1": 0,
    "2.2": 0,
    "2.3": 0.001886402912606097,
    "4.1": 0,
    "4.2-4.3": 0.0002096003236228997,
    "4.4": 0.00010480016181144985,
    "4.4.3-4.4.4": 0
  },
  "bb": {
    "7": 0,
    "10": 0.0010480016181144984
  },
  "op_mob": {
    "10": 0.001257601941737398,
    "11": 0.001257601941737398,
    "12": 0.001257601941737398,
    "46": 0.001257601941737398,
    "11.1": 0.001257601941737398,
    "11.5": 0.001257601941737398,
    "12.1": 0.001257601941737398
  },
  "and_chr": {
    "79": 3.0810199570948136
  },
  "and_ff": {
    "68": 0.05344808252383942
  },
  "ie_mob": {
    "10": 0,
    "11": 0
  },
  "and_uc": {
    "12.12": 0.06686250323570499
  },
  "samsung": {
    "4": 0.0008384012944915988,
    "5.0-5.4": 0.0004192006472457994,
    "6.2-6.4": 0.0015720024271717475,
    "7.2-7.4": 0.0017816027507946471,
    "8.2": 0.0011528017799259482,
    "9.2": 0.007545611650424388,
    "10.1": 0.1320482038824268
  },
  "and_qq": {
    "1.2": 0
  },
  "baidu": {
    "7.12": 0
  },
  "kaios": {
    "2.5": 0
  }
}